{"navigationBarTitleText":"作品","onReachBottomDistance":180,"enablePullDownRefresh":true,"navigationStyle":"custom","usingComponents":{"u-search":"/uni_modules/uview-ui/components/u-search/u-search","u-loadmore":"/uni_modules/uview-ui/components/u-loadmore/u-loadmore","work-item":"/components/work/work_item","work-more":"/components/work/work_more","work-name":"/components/work/work_name","expopup":"/components/work/expopup1","make-nonmenber":"/components/make/make_nonmember1","new-folder":"/components/work/new_folder","file-name":"/components/work/file_name","file-item":"/components/work/file_item","file-new-name":"/components/work/file_new_name","remove-work":"/components/work/remove_work","expopup2":"/components/work/expopup2","make-show-privacy":"/components/make/make_showPrivacy"}}