{"navigationBarTitleText":"制作","navigationStyle":"custom","usingComponents":{"u-popup":"/uni_modules/uview-ui/components/u-popup/u-popup","u-switch":"/uni_modules/uview-ui/components/u-switch/u-switch","make-popup":"/components/make/make_popup","make-bg-music":"/components/make/make_bgmusic","sensitive-word-popup":"/components/make/sensitive_word_popup","make-nonmenber":"/components/make/make_nonmember","make-svip-popup":"/components/make/make_svip_popup","make-prompt":"/components/make/make_prompt","make-frequency":"/components/make/make_frequency","keyboard-top":"/components/make/keyboard_top","char-deficiency":"/components/make/char_deficiency","make-text":"/components/make/make_text","make-extract":"/components/make/make_extract","save-work-name":"/components/make/save_workname","tip4special":"/components/make/tszf_tip","maintenance":"/components/make/maintenance","make-emotion":"/components/make/make_emotion","make-show-privacy":"/components/make/make_showPrivacy"}}