{"description":"项目私有配置文件。此文件中的内容将覆盖 project.config.json 中的相同字段。项目的改动优先同步到此文件中。详见文档：https://developers.weixin.qq.com/miniprogram/dev/devtools/projectconfig.html","projectname":"配音鸭","setting":{"compileHotReLoad":false},"condition":{"miniprogram":{"list":[{"name":"pages4/cloning_order","pathName":"pages4/cloning_order","query":"","launchMode":"default","scene":null},{"name":"pages3/expert_share","pathName":"pages3/expert_share","query":"","launchMode":"default","scene":null},{"name":"pages2/make/submit_zb","pathName":"pages2/make/submit_zb","query":"","launchMode":"default","scene":null}]}}}